epoch,step,train_loss,val_loss
0,7,,11.53066635131836
1,15,,9.211348533630371
2,23,,18.802867889404297
3,31,,15.477944374084473
4,39,,14.09029483795166
5,47,,17.75379180908203
6,49,17.59033203125,
6,55,,8.661286354064941
7,63,,8.62131404876709
8,71,,8.61097240447998
9,79,,6.757138729095459
10,87,,7.514283657073975
11,95,,6.9084672927856445
12,99,17.33300018310547,
12,103,,7.790590763092041
13,111,,9.236818313598633
14,119,,7.70440149307251
